{"cameraMode":{"drawMode":0,"name":"Shaded","section":"Shading Mode"},"sceneLighting":true,"audioPlay":false,"sceneViewState":{"m_AlwaysRefresh":false,"showFog":true,"showSkybox":true,"showFlares":true,"showImageEffects":true,"showParticleSystems":true,"showVisualEffectGraphs":true,"m_FxEnabled":true},"in2DMode":false,"pivot":{"x":0.5580383539199829,"y":0.6642420291900635,"z":-0.7675721645355225},"rotation":{"x":-0.12677757441997529,"y":-0.7081910371780396,"z":0.13519364595413209,"w":-0.6819278597831726},"size":4.2476091384887699,"orthographic":false}