{"cameraMode":{"drawMode":0,"name":"Shaded","section":"Shading Mode"},"sceneLighting":true,"audioPlay":false,"sceneViewState":{"m_AlwaysRefresh":false,"showFog":true,"showSkybox":true,"showFlares":true,"showImageEffects":true,"showParticleSystems":true,"showVisualEffectGraphs":true,"m_FxEnabled":true},"in2DMode":false,"pivot":{"x":1.6975327730178834,"y":1.6236631870269776,"z":1.3306418657302857},"rotation":{"x":0.12824752926826478,"y":0.09984004497528076,"z":-0.013052997179329396,"w":0.9862792491912842},"size":1.471515417098999,"orthographic":false}