{"cameraMode":{"drawMode":0,"name":"Shaded","section":"Shading Mode"},"sceneLighting":true,"audioPlay":false,"sceneViewState":{"m_AlwaysRefresh":false,"showFog":true,"showSkybox":true,"showFlares":true,"showImageEffects":true,"showParticleSystems":true,"showVisualEffectGraphs":true,"m_FxEnabled":true},"in2DMode":false,"pivot":{"x":31.019851684570314,"y":6.332598686218262,"z":61.76834487915039},"rotation":{"x":-0.00027764419792219996,"y":-0.9954469203948975,"z":-0.02679312601685524,"w":0.09634178876876831},"size":18.635404586791993,"orthographic":false}