{"cameraMode":{"drawMode":0,"name":"Shaded","section":"Shading Mode"},"sceneLighting":true,"audioPlay":false,"sceneViewState":{"m_AlwaysRefresh":false,"showFog":true,"showSkybox":true,"showFlares":true,"showImageEffects":true,"showParticleSystems":true,"showVisualEffectGraphs":true,"m_FxEnabled":true},"in2DMode":false,"pivot":{"x":1.9016435146331788,"y":1.6576118469238282,"z":0.4962652921676636},"rotation":{"x":-0.12484395503997803,"y":-0.3976532220840454,"z":0.05481584742665291,"w":-0.9070362448692322},"size":1.4196126461029053,"orthographic":false}