{"cameraMode":{"drawMode":0,"name":"Shaded","section":"Shading Mode"},"sceneLighting":true,"audioPlay":false,"sceneViewState":{"m_AlwaysRefresh":false,"showFog":true,"showSkybox":true,"showFlares":true,"showImageEffects":true,"showParticleSystems":true,"showVisualEffectGraphs":true,"m_FxEnabled":true},"in2DMode":false,"pivot":{"x":22.869159698486329,"y":-11.482661247253418,"z":11.027216911315918},"rotation":{"x":0.18988089263439179,"y":0.5136328339576721,"z":-0.11772269755601883,"w":0.8284344673156738},"size":15.131118774414063,"orthographic":false}